<?xml version="1.0" encoding="UTF-8"?>
<?xml-stylesheet type="text/xsl" href="/styles/Streams.xsl"?>
<MTConnectStreams xmlns:m="urn:mtconnect.org:MTConnectStreams:1.3" xmlns="urn:mtconnect.org:MTConnectStreams:1.3" xmlns:xsi="http://www.w3.org/2001/XMLSchema-instance" xsi:schemaLocation="urn:mtconnect.org:MTConnectStreams:1.3 /schemas/MTConnectStreams_1.3.xsd">
	<Header creationTime="2016-04-04T17:08:35Z" sender="mtcagent" instanceId="1425445166" version="1.3.0.9" bufferSize="131072" nextSequence="7817426367" firstSequence="7817295295" lastSequence="7817426366"/>
	<Streams>
		<DeviceStream name="VMC-3Axis" uuid="000">
			<ComponentStream component="Rotary" name="C" componentId="c1">
				<Samples>
					<SpindleSpeed dataItemId="c2" timestamp="2016-04-04T17:07:14.017433" name="Sspeed" sequence="7817400776" subType="ACTUAL">3400.0000000000</SpindleSpeed>
					<SpindleSpeed dataItemId="c3" timestamp="2016-04-04T17:07:14.017433" name="Sovr" sequence="7817400782" subType="OVERRIDE">100.0000000000</SpindleSpeed>
					<Load dataItemId="cl3" timestamp="2015-03-04T04:59:26.531505Z" name="Cload" sequence="15">UNAVAILABLE</Load>
				</Samples>
				<Events>
					<RotaryMode dataItemId="cm" timestamp="2015-03-04T04:59:26.531505Z" name="Cmode" sequence="18">SPINDLE</RotaryMode>
				</Events>
				<Condition>
					<Normal dataItemId="Cloadc" timestamp="2016-04-04T17:07:14.018152" sequence="7817400789" type="LOAD"/>
					<Unavailable dataItemId="Csystem" timestamp="2015-03-04T04:59:26.531505Z" sequence="2" type="SYSTEM"/>
				</Condition>
			</ComponentStream>
			<ComponentStream component="Controller" name="controller" componentId="cn1">
				<Events>
					<EmergencyStop dataItemId="estop" timestamp="2016-04-04T17:07:14.017433" sequence="7817400783">ARMED</EmergencyStop>
					<Message dataItemId="msg" timestamp="2015-03-04T04:59:26.531505Z" sequence="35">UNAVAILABLE</Message>
				</Events>
				<Condition>
					<Normal dataItemId="clp" timestamp="2016-04-04T17:07:14.018647" sequence="7817400793" type="LOGIC_PROGRAM"/>
					<Unavailable dataItemId="motion" timestamp="2015-03-04T04:59:26.531505Z" sequence="34" type="MOTION_PROGRAM"/>
					<Unavailable dataItemId="system" timestamp="2015-03-04T04:59:26.531505Z" sequence="38" type="SYSTEM"/>
				</Condition>
			</ComponentStream>
			<ComponentStream component="Coolant" name="coolant" componentId="cool">
				<Condition>
					<Normal dataItemId="clow" timestamp="2016-04-04T17:07:14.017602" sequence="7817400785" type="LEVEL"/>
					<Unavailable dataItemId="coolantmotor" timestamp="2015-03-04T04:59:26.531505Z" sequence="25" type="ACTUATOR"/>
					<Unavailable dataItemId="coolpres" timestamp="2015-03-04T04:59:26.531505Z" sequence="26" type="PRESSURE"/>
					<Unavailable dataItemId="filter" timestamp="2015-03-04T04:59:26.531505Z" sequence="30" type="x:FILTER"/>
				</Condition>
			</ComponentStream>
			<ComponentStream component="Device" name="VMC-3Axis" componentId="dev">
				<Events>
					<Availability dataItemId="avail" timestamp="2016-04-04T17:07:14.017433" sequence="7817400784">AVAILABLE</Availability>
					<AssetChanged dataItemId="dev_asset_chg" timestamp="2015-03-04T04:59:26.531505Z" sequence="27" assetType="">UNAVAILABLE</AssetChanged>
					<AssetRemoved dataItemId="dev_asset_rem" timestamp="2015-03-04T04:59:26.531505Z" sequence="28" assetType="">UNAVAILABLE</AssetRemoved>
				</Events>
			</ComponentStream>
			<ComponentStream component="Electric" name="electric" componentId="el">
				<Events>
					<PowerState dataItemId="p2" timestamp="2016-04-04T17:07:14.017433" name="power" sequence="7817400767">ON</PowerState>
				</Events>
			</ComponentStream>
			<ComponentStream component="Hydraulic" name="hydrolic" componentId="hsys">
				<Condition>
					<Normal dataItemId="hlow" timestamp="2016-04-04T17:07:14.017728" sequence="7817400786" type="LEVEL"/>
					<Normal dataItemId="hpres" timestamp="2016-04-04T17:07:14.017910" sequence="7817400787" type="PRESSURE"/>
					<Normal dataItemId="htemp" timestamp="2016-04-04T17:07:14.018033" sequence="7817400788" type="TEMPERATURE"/>
				</Condition>
			</ComponentStream>
			<ComponentStream component="Path" name="path" componentId="pth">
				<Samples>
					<PathFeedrate dataItemId="Fovr" timestamp="2016-04-04T17:07:14.017433" sequence="7817400781">100.0000000000</PathFeedrate>
					<PathFeedrate dataItemId="Frt" timestamp="2016-04-04T17:08:35.486175" sequence="7817426298">0.4</PathFeedrate>
					<PathPosition dataItemId="Ppos" timestamp="2015-03-04T04:59:26.531505Z" sequence="5" subType="ACTUAL">UNAVAILABLE</PathPosition>
				</Samples>
				<Events>
					<Block dataItemId="cn2" timestamp="2016-04-04T17:08:35.473658" name="block" sequence="7817426293">X-0.643906 Y0.981662</Block>
					<ControllerMode dataItemId="cn3" timestamp="2016-04-04T17:07:14.017433" name="mode" sequence="7817400779">AUTOMATIC</ControllerMode>
					<Line dataItemId="cn4" timestamp="2016-04-04T17:08:35.473658" name="line" sequence="7817426287">420</Line>
					<Program dataItemId="cn5" timestamp="2016-04-04T17:07:14.017433" name="program" sequence="7817400778">FLANGE_CAM.NGC</Program>
					<Execution dataItemId="cn6" timestamp="2016-04-04T17:07:14.017433" name="execution" sequence="7817400768">ACTIVE</Execution>
					<ToolId dataItemId="cnt1" timestamp="2015-03-04T04:59:26.531505Z" name="tool_id" sequence="24">UNAVAILABLE</ToolId>
				</Events>
			</ComponentStream>
			<ComponentStream component="Linear" name="X" componentId="x1">
				<Samples>
					<Load dataItemId="n3" timestamp="2015-03-04T04:59:26.531505Z" name="Xload" sequence="36">UNAVAILABLE</Load>
					<Position dataItemId="x2" timestamp="2016-04-04T17:08:35.698257" name="Xact" sequence="7817426363" subType="ACTUAL">-0.6691333055</Position>
					<Position dataItemId="x3" timestamp="2016-04-04T17:08:35.698257" name="Xcom" sequence="7817426365" subType="COMMANDED">-0.6639005205</Position>
				</Samples>
				<Condition>
					<Normal dataItemId="Xloadc" timestamp="2016-04-04T17:07:14.018282" sequence="7817400790" type="LOAD"/>
					<Unavailable dataItemId="Xsystem" timestamp="2015-03-04T04:59:26.531505Z" sequence="7" type="SYSTEM"/>
				</Condition>
			</ComponentStream>
			<ComponentStream component="Linear" name="Y" componentId="y1">
				<Samples>
					<Position dataItemId="y2" timestamp="2016-04-04T17:08:35.698257" name="Yact" sequence="7817426364" subType="ACTUAL">0.9638974071</Position>
					<Position dataItemId="y3" timestamp="2016-04-04T17:08:35.698257" name="Ycom" sequence="7817426366" subType="COMMANDED">0.9675822519</Position>
					<Load dataItemId="y4" timestamp="2015-03-04T04:59:26.531505Z" name="Yload" sequence="43">UNAVAILABLE</Load>
				</Samples>
				<Condition>
					<Normal dataItemId="Yloadc" timestamp="2016-04-04T17:07:14.018439" sequence="7817400791" type="LOAD"/>
					<Unavailable dataItemId="Ysystem" timestamp="2015-03-04T04:59:26.531505Z" sequence="9" type="SYSTEM"/>
				</Condition>
			</ComponentStream>
			<ComponentStream component="Linear" name="Z" componentId="z1">
				<Samples>
					<Position dataItemId="z2" timestamp="2016-04-04T17:07:14.017433" name="Zact" sequence="7817400772" subType="ACTUAL">-0.1000000015</Position>
					<Position dataItemId="z3" timestamp="2016-04-04T17:07:14.017433" name="Zcom" sequence="7817400775" subType="COMMANDED">-0.1000000000</Position>
					<Load dataItemId="z4" timestamp="2015-03-04T04:59:26.531505Z" name="Zload" sequence="46">UNAVAILABLE</Load>
				</Samples>
				<Condition>
					<Normal dataItemId="Zloadc" timestamp="2016-04-04T17:07:14.018548" sequence="7817400792" type="LOAD"/>
					<Unavailable dataItemId="Zsystem" timestamp="2015-03-04T04:59:26.531505Z" sequence="11" type="SYSTEM"/>
				</Condition>
			</ComponentStream>
		</DeviceStream>
	</Streams>
</MTConnectStreams>
